{
    "material":  31986.078060400007,
    "fab":  7417.245787441011,
    "pintura":  4058.2750364444446,
    "tornilleria":  545.6619999999999,
    "total":  44007.26088428546,
    "costoM2":  58.67634784571395,
    "precio":  110018.15221071366,
    "precioM2":  146.69086961428488,
    "paneles":  750,
    "mensulas":  403,
    "kp":  1.2,
    "espesorMm":  1.5,
    "familia":  "Aluminio"
}
