{
    "material":  32272.189522400007,
    "fab":  7637.38409838966,
    "pintura":  4163.4929395555555,
    "tornilleria":  1091.3239999999998,
    "total":  45164.390560345222,
    "costoM2":  60.219187413793627,
    "precio":  112910.97640086306,
    "precioM2":  150.54796853448408,
    "paneles":  750,
    "mensulas":  806,
    "kp":  1.2,
    "espesorMm":  1.5,
    "familia":  "Aluminio"
}
